<?xml version="1.0" encoding="UTF-8"?>
<project-private xmlns="http://www.netbeans.org/ns/project-private/1">
    <editor-bookmarks xmlns="http://www.netbeans.org/ns/editor-bookmarks/2" lastBookmarkId="1">
        <file>
            <url>src/go_football/Player.java</url>
            <bookmark id="1">
                <name/>
                <line>28</line>
                <key/>
            </bookmark>
        </file>
    </editor-bookmarks>
    <open-files xmlns="http://www.netbeans.org/ns/projectui-open-files/2">
        <group>
            <file>file:/C:/Users/vip/Documents/NetBeansProjects/Go_Football/src/go_football/Playground.java</file>
            <file>file:/C:/Users/vip/Documents/NetBeansProjects/Go_Football/src/go_football/Playground_owner.java</file>
            <file>file:/C:/Users/vip/Documents/NetBeansProjects/Go_Football/src/go_football/Player.java</file>
            <file>file:/C:/Users/vip/Documents/NetBeansProjects/Go_Football/src/go_football/Go_Football.java</file>
            <file>file:/C:/Users/vip/Documents/NetBeansProjects/Go_Football/src/go_football/Administrator.java</file>
            <file>file:/C:/Users/vip/Documents/NetBeansProjects/Go_Football/src/go_football/User.java</file>
        </group>
    </open-files>
</project-private>
